13384095516976103653,1777546611,"SELECT count(*) FROM demo_orders WHERE region_id = 42;",5412.61
13384095516976103653,1777546611,"SELECT count(*) FROM demo_orders WHERE region_id = 42;",5412.61
13384095516976103653,1777546611,"SELECT count(*) FROM demo_orders WHERE region_id = 42;",5412.61
13384095516976103653,1777546611,"SELECT count(*) FROM demo_orders WHERE region_id = 42;",5412.61
13384095516976103653,1777546611,"SELECT count(*) FROM demo_orders WHERE region_id = 42;",5412.61
13384095516976103653,1777546611,"SELECT count(*) FROM demo_orders WHERE region_id = 42;",5412.61
13384095516976103653,1777546611,"SELECT count(*) FROM demo_orders WHERE region_id = 42;",5412.61
13384095516976103653,1777546611,"SELECT count(*) FROM demo_orders WHERE region_id = 42;",5412.61
13384095516976103653,1777546611,"SELECT count(*) FROM demo_orders WHERE region_id = 42;",5412.61
13384095516976103653,1777546611,"SELECT count(*) FROM demo_orders WHERE region_id = 42;",5412.61
13384095516976103653,1777546611,"SELECT count(*) FROM demo_orders WHERE region_id = 42;",5412.61
13384095516976103653,1777546611,"SELECT count(*) FROM demo_orders WHERE region_id = 42;",5412.61
13384095516976103653,1777546611,"SELECT count(*) FROM demo_orders WHERE region_id = 42;",5412.61
13384095516976103653,1777546611,"SELECT count(*) FROM demo_orders WHERE region_id = 42;",5412.61
13384095516976103653,1777546611,"SELECT count(*) FROM demo_orders WHERE region_id = 42;",5412.61
13384095516976103653,1777546611,"SELECT count(*) FROM demo_orders WHERE region_id = 42;",5412.61
13384095516976103653,1777546611,"SELECT count(*) FROM demo_orders WHERE region_id = 42;",5412.61
13384095516976103653,1777546611,"SELECT count(*) FROM demo_orders WHERE region_id = 42;",5412.61
13384095516976103653,1777546611,"SELECT count(*) FROM demo_orders WHERE region_id = 42;",5412.61
13384095516976103653,1777546611,"SELECT count(*) FROM demo_orders WHERE region_id = 42;",5412.61
2873170710819662144,1777546611,"SELECT count(*) FROM demo_orders WHERE customer_id = 4243;",5405.50
2873170710819662144,1777546611,"SELECT count(*) FROM demo_orders WHERE customer_id = 4243;",5405.50
2873170710819662144,1777546611,"SELECT count(*) FROM demo_orders WHERE customer_id = 4243;",5405.50
2873170710819662144,1777546611,"SELECT count(*) FROM demo_orders WHERE customer_id = 4243;",5405.50
2873170710819662144,1777546611,"SELECT count(*) FROM demo_orders WHERE customer_id = 4243;",5405.50
2873170710819662144,1777546611,"SELECT count(*) FROM demo_orders WHERE customer_id = 4243;",5405.50
2873170710819662144,1777546611,"SELECT count(*) FROM demo_orders WHERE customer_id = 4243;",5405.50
2873170710819662144,1777546611,"SELECT count(*) FROM demo_orders WHERE customer_id = 4243;",5405.50
2873170710819662144,1777546611,"SELECT count(*) FROM demo_orders WHERE customer_id = 4243;",5405.50
2873170710819662144,1777546611,"SELECT count(*) FROM demo_orders WHERE customer_id = 4243;",5405.50
2873170710819662144,1777546611,"SELECT count(*) FROM demo_orders WHERE customer_id = 4243;",5405.50
2873170710819662144,1777546611,"SELECT count(*) FROM demo_orders WHERE customer_id = 4243;",5405.50
2873170710819662144,1777546611,"SELECT count(*) FROM demo_orders WHERE customer_id = 4243;",5405.50
2873170710819662144,1777546611,"SELECT count(*) FROM demo_orders WHERE customer_id = 4243;",5405.50
2873170710819662144,1777546611,"SELECT count(*) FROM demo_orders WHERE customer_id = 4243;",5405.50
2873170710819662144,1777546611,"SELECT count(*) FROM demo_orders WHERE customer_id = 4243;",5405.50
2873170710819662144,1777546611,"SELECT count(*) FROM demo_orders WHERE customer_id = 4243;",5405.50
2873170710819662144,1777546611,"SELECT count(*) FROM demo_orders WHERE customer_id = 4243;",5405.50
2873170710819662144,1777546611,"SELECT count(*) FROM demo_orders WHERE customer_id = 4243;",5405.50
2873170710819662144,1777546611,"SELECT count(*) FROM demo_orders WHERE customer_id = 4243;",5405.50
2873170710819662144,1777546611,"SELECT count(*) FROM demo_orders WHERE customer_id = 4243;",5405.50
2873170710819662144,1777546611,"SELECT count(*) FROM demo_orders WHERE customer_id = 4243;",5405.50
2873170710819662144,1777546611,"SELECT count(*) FROM demo_orders WHERE customer_id = 4243;",5405.50
2873170710819662144,1777546611,"SELECT count(*) FROM demo_orders WHERE customer_id = 4243;",5405.50
2873170710819662144,1777546611,"SELECT count(*) FROM demo_orders WHERE customer_id = 4243;",5405.50
2873170710819662144,1777546611,"SELECT count(*) FROM demo_orders WHERE customer_id = 4243;",5405.50
2873170710819662144,1777546611,"SELECT count(*) FROM demo_orders WHERE customer_id = 4243;",5405.50
2873170710819662144,1777546611,"SELECT count(*) FROM demo_orders WHERE customer_id = 4243;",5405.50
2873170710819662144,1777546611,"SELECT count(*) FROM demo_orders WHERE customer_id = 4243;",5405.50
2873170710819662144,1777546611,"SELECT count(*) FROM demo_orders WHERE customer_id = 4243;",5405.50
2873170710819662144,1777546611,"SELECT count(*) FROM demo_orders WHERE customer_id = 4243;",5405.50
2873170710819662144,1777546611,"SELECT count(*) FROM demo_orders WHERE customer_id = 4243;",5405.50
2873170710819662144,1777546611,"SELECT count(*) FROM demo_orders WHERE customer_id = 4243;",5405.50
2873170710819662144,1777546611,"SELECT count(*) FROM demo_orders WHERE customer_id = 4243;",5405.50
2873170710819662144,1777546611,"SELECT count(*) FROM demo_orders WHERE customer_id = 4243;",5405.50
2873170710819662144,1777546611,"SELECT count(*) FROM demo_orders WHERE customer_id = 4243;",5405.50
2873170710819662144,1777546611,"SELECT count(*) FROM demo_orders WHERE customer_id = 4243;",5405.50
2873170710819662144,1777546611,"SELECT count(*) FROM demo_orders WHERE customer_id = 4243;",5405.50
2873170710819662144,1777546611,"SELECT count(*) FROM demo_orders WHERE customer_id = 4243;",5405.50
2873170710819662144,1777546611,"SELECT count(*) FROM demo_orders WHERE customer_id = 4243;",5405.50
